DNO_Name,MPAN_Code,DNO_Key,Short_Code,Band,Time_Period,Min_Rate_p_kWh,Max_Rate_p_kWh,Mean_Rate_p_kWh,Median_Rate_p_kWh,GSP_Group_ID,GSP_Group_Name,Count,Unit,File_Path
Electricity North West,16,ENWL,ENWL,AMBER,"07:00-16:00, 19:00-23:00 (weekdays) (default)",0.941,1.125,1.0027974683544305,1.0,G,North West,158,p/kWh,dno_data_enhanced/enwl---schedule-of-charges-and-other-tables---2020-final-v3.xlsx
Electricity North West,16,ENWL,ENWL,AMBER,"07:00-16:00, 19:00-23:00 (weekdays) (default)",0.34,20.61,2.487391304347826,1.04,G,North West,23,p/kWh,dno_data_enhanced/enwl---schedule-of-charges-and-other-tables---2020-final-v3.xlsx
Electricity North West,16,ENWL,ENWL,GREEN,"23:00-07:00 (all days), all day (weekends) (default)",1.0,3.92,2.5653333333333337,2.192,G,North West,15,p/kWh,dno_data_enhanced/enwl---schedule-of-charges-and-other-tables---2020-final-v3.xlsx
Electricity North West,16,ENWL,ENWL,GREEN,"23:00-07:00 (all days), all day (weekends) (default)",1.0,2.52,1.7446666666666666,1.41,G,North West,15,p/kWh,dno_data_enhanced/enwl---schedule-of-charges-and-other-tables---2020-final-v3.xlsx
Electricity North West,16,ENWL,ENWL,GREEN,"23:00-07:00 (all days), all day (weekends) (default)",0.941,1.125,1.0025569620253163,1.0,G,North West,158,p/kWh,dno_data_enhanced/enwl---schedule-of-charges-and-other-tables---2020-final-v3.xlsx
Electricity North West,16,ENWL,ENWL,GREEN,"23:00-07:00 (all days), all day (weekends) (default)",0.34,10.62,3.965694444444445,3.17,G,North West,72,p/kWh,dno_data_enhanced/enwl---schedule-of-charges-and-other-tables---2020-final-v3.xlsx
Electricity North West,16,ENWL,ENWL,GREEN,"23:00-07:00 (all days), all day (weekends) (default)",1.0,2.0,1.4610778443113772,1.0,G,North West,167,p/kWh,dno_data_enhanced/enwl---schedule-of-charges-and-other-tables---2020-final-v3.xlsx
Electricity North West,16,ENWL,ENWL,RED,16:00-19:00 (weekdays) (default),0.685,3.92,2.3210526315789473,2.615,G,North West,19,p/kWh,dno_data_enhanced/enwl---schedule-of-charges-and-other-tables---2020-final-v3.xlsx
Electricity North West,16,ENWL,ENWL,RED,16:00-19:00 (weekdays) (default),0.441,2.52,1.6431578947368422,1.683,G,North West,19,p/kWh,dno_data_enhanced/enwl---schedule-of-charges-and-other-tables---2020-final-v3.xlsx
Electricity North West,16,ENWL,ENWL,RED,16:00-19:00 (weekdays) (default),0.941,1.125,1.0029240506329111,1.0,G,North West,158,p/kWh,dno_data_enhanced/enwl---schedule-of-charges-and-other-tables---2020-final-v3.xlsx
Electricity North West,16,ENWL,ENWL,RED,16:00-19:00 (weekdays) (default),0.72,11.96,3.785,2.79,G,North West,40,p/kWh,dno_data_enhanced/enwl---schedule-of-charges-and-other-tables---2020-final-v3.xlsx
Electricity North West,16,ENWL,ENWL,RED,16:00-19:00 (weekdays) (default),1.0,2.0,1.4745762711864407,1.0,G,North West,59,p/kWh,dno_data_enhanced/enwl---schedule-of-charges-and-other-tables---2020-final-v3.xlsx
National Grid Electricity Distribution – East Midlands (EMID),12,UKPN-LPN,LPN,GREEN,"23:00-07:00 (all days), all day (weekends) (default)",1.0,3.35,2.069318181818182,2.085,C,London,22,p/kWh,dno_data_enhanced/EMEB-Schedule of charges and other tables-2020 v2.xlsx
National Grid Electricity Distribution – East Midlands (EMID),12,UKPN-LPN,LPN,GREEN,"23:00-07:00 (all days), all day (weekends) (default)",1.0,2.33,1.682,1.45,C,London,15,p/kWh,dno_data_enhanced/EMEB-Schedule of charges and other tables-2020 v2.xlsx
National Grid Electricity Distribution – East Midlands (EMID),12,UKPN-LPN,LPN,GREEN,"23:00-07:00 (all days), all day (weekends) (default)",1.0,2.0,1.4610778443113772,1.0,C,London,167,p/kWh,dno_data_enhanced/EMEB-Schedule of charges and other tables-2020 v2.xlsx
National Grid Electricity Distribution – East Midlands (EMID),12,UKPN-LPN,LPN,GREEN,"23:00-07:00 (all days), all day (weekends) (default)",1.0,4.7,2.5186111111111114,2.027,C,London,18,p/kWh,dno_data_enhanced/MIDE-Schedule of charges and other tables-2020 v2.xlsx
National Grid Electricity Distribution – East Midlands (EMID),12,UKPN-LPN,LPN,GREEN,"23:00-07:00 (all days), all day (weekends) (default)",1.0,3.12,1.9626666666666668,1.344,C,London,15,p/kWh,dno_data_enhanced/MIDE-Schedule of charges and other tables-2020 v2.xlsx
National Grid Electricity Distribution – East Midlands (EMID),12,UKPN-LPN,LPN,GREEN,"23:00-07:00 (all days), all day (weekends) (default)",1.0,2.0,1.4610778443113772,1.0,C,London,167,p/kWh,dno_data_enhanced/MIDE-Schedule of charges and other tables-2020 v2.xlsx
National Grid Electricity Distribution – East Midlands (EMID),12,UKPN-LPN,LPN,RED,16:00-19:00 (weekdays) (default),0.834,3.35,2.255227272727273,2.339,C,London,22,p/kWh,dno_data_enhanced/EMEB-Schedule of charges and other tables-2020 v2.xlsx
National Grid Electricity Distribution – East Midlands (EMID),12,UKPN-LPN,LPN,RED,16:00-19:00 (weekdays) (default),0.58,2.33,1.615,1.627,C,London,19,p/kWh,dno_data_enhanced/EMEB-Schedule of charges and other tables-2020 v2.xlsx
National Grid Electricity Distribution – East Midlands (EMID),12,UKPN-LPN,LPN,RED,16:00-19:00 (weekdays) (default),1.0,2.0,1.4745762711864407,1.0,C,London,59,p/kWh,dno_data_enhanced/EMEB-Schedule of charges and other tables-2020 v2.xlsx
National Grid Electricity Distribution – East Midlands (EMID),12,UKPN-LPN,LPN,RED,16:00-19:00 (weekdays) (default),1.005,4.7,2.7077272727272725,2.209,C,London,22,p/kWh,dno_data_enhanced/MIDE-Schedule of charges and other tables-2020 v2.xlsx
National Grid Electricity Distribution – East Midlands (EMID),12,UKPN-LPN,LPN,RED,16:00-19:00 (weekdays) (default),0.666,3.12,1.8026315789473684,1.464,C,London,19,p/kWh,dno_data_enhanced/MIDE-Schedule of charges and other tables-2020 v2.xlsx
National Grid Electricity Distribution – East Midlands (EMID),12,UKPN-LPN,LPN,RED,16:00-19:00 (weekdays) (default),1.0,2.0,1.4745762711864407,1.0,C,London,59,p/kWh,dno_data_enhanced/MIDE-Schedule of charges and other tables-2020 v2.xlsx
National Grid Electricity Distribution – South Wales (SWALES),21,NGED-SWales,SWALES,GREEN,"23:00-07:00 (all days), all day (weekends) (default)",1.0,4.39,2.9829999999999997,2.881,K,South Wales,15,p/kWh,dno_data_enhanced/SWAE-Schedule of charges and other tables-2020 v2.xlsx
National Grid Electricity Distribution – South Wales (SWALES),21,NGED-SWales,SWALES,GREEN,"23:00-07:00 (all days), all day (weekends) (default)",1.0,2.95,2.0926666666666667,1.938,K,South Wales,15,p/kWh,dno_data_enhanced/SWAE-Schedule of charges and other tables-2020 v2.xlsx
National Grid Electricity Distribution – South Wales (SWALES),21,NGED-SWales,SWALES,GREEN,"23:00-07:00 (all days), all day (weekends) (default)",1.0,2.0,1.4610778443113772,1.0,K,South Wales,167,p/kWh,dno_data_enhanced/SWAE-Schedule of charges and other tables-2020 v2.xlsx
National Grid Electricity Distribution – South Wales (SWALES),21,NGED-SWales,SWALES,RED,16:00-19:00 (weekdays) (default),1.499,4.39,2.7728947368421055,3.048,K,South Wales,19,p/kWh,dno_data_enhanced/SWAE-Schedule of charges and other tables-2020 v2.xlsx
National Grid Electricity Distribution – South Wales (SWALES),21,NGED-SWales,SWALES,RED,16:00-19:00 (weekdays) (default),1.008,2.95,2.0023684210526316,2.051,K,South Wales,19,p/kWh,dno_data_enhanced/SWAE-Schedule of charges and other tables-2020 v2.xlsx
National Grid Electricity Distribution – South Wales (SWALES),21,NGED-SWales,SWALES,RED,16:00-19:00 (weekdays) (default),1.066233918740059,4.004593495315447,2.0493224219598907,1.0771398518241653,K,South Wales,3,p/kWh,dno_data_enhanced/SWAE-Schedule of charges and other tables-2020 v2.xlsx
National Grid Electricity Distribution – South Wales (SWALES),21,NGED-SWales,SWALES,RED,16:00-19:00 (weekdays) (default),1.0,2.0,1.4745762711864407,1.0,K,South Wales,59,p/kWh,dno_data_enhanced/SWAE-Schedule of charges and other tables-2020 v2.xlsx
National Grid Electricity Distribution – South West (SWEST),22,NGED-SW,SWEST,GREEN,"23:00-07:00 (all days), all day (weekends) (default)",1.0,4.92,3.161666666666666,2.781,L,South Western,15,p/kWh,dno_data_enhanced/SWEB-Schedule of charges and other tables-2020 v2.xlsx
National Grid Electricity Distribution – South West (SWEST),22,NGED-SW,SWEST,GREEN,"23:00-07:00 (all days), all day (weekends) (default)",1.0,3.05,2.061,1.723,L,South Western,15,p/kWh,dno_data_enhanced/SWEB-Schedule of charges and other tables-2020 v2.xlsx
National Grid Electricity Distribution – South West (SWEST),22,NGED-SW,SWEST,GREEN,"23:00-07:00 (all days), all day (weekends) (default)",1.0,2.0,1.4610778443113772,1.0,L,South Western,167,p/kWh,dno_data_enhanced/SWEB-Schedule of charges and other tables-2020 v2.xlsx
National Grid Electricity Distribution – South West (SWEST),22,NGED-SW,SWEST,RED,16:00-19:00 (weekdays) (default),1.433,4.92,2.8928947368421056,3.04,L,South Western,19,p/kWh,dno_data_enhanced/SWEB-Schedule of charges and other tables-2020 v2.xlsx
National Grid Electricity Distribution – South West (SWEST),22,NGED-SW,SWEST,RED,16:00-19:00 (weekdays) (default),0.888,3.05,1.952894736842105,1.883,L,South Western,19,p/kWh,dno_data_enhanced/SWEB-Schedule of charges and other tables-2020 v2.xlsx
National Grid Electricity Distribution – South West (SWEST),22,NGED-SW,SWEST,RED,16:00-19:00 (weekdays) (default),0.2036288464709518,13.92879223996246,5.236860228931443,1.3867182474637116,L,South Western,5,p/kWh,dno_data_enhanced/SWEB-Schedule of charges and other tables-2020 v2.xlsx
National Grid Electricity Distribution – South West (SWEST),22,NGED-SW,SWEST,RED,16:00-19:00 (weekdays) (default),1.0,2.0,1.4745762711864407,1.0,L,South Western,59,p/kWh,dno_data_enhanced/SWEB-Schedule of charges and other tables-2020 v2.xlsx
Scottish Hydro Electric Power Distribution (SHEPD),17,SSE-SHEPD,SHEPD,AMBER,"07:00-16:00, 19:00-23:00 (weekdays) (default)",0.166,0.488,0.333025,0.35,P,North Scotland,16,p/kWh,dno_data_enhanced/shepd-arp-model-2020-21.xlsx
Scottish Hydro Electric Power Distribution (SHEPD),17,SSE-SHEPD,SHEPD,AMBER,"07:00-16:00, 19:00-23:00 (weekdays) (default)",0.0041617122473246,1.095,0.3888991659704896,0.2856666666666667,P,North Scotland,55,p/kWh,dno_data_enhanced/shepd-arp-model-2020-21.xlsx
Scottish Hydro Electric Power Distribution (SHEPD),17,SSE-SHEPD,SHEPD,AMBER,"07:00-16:00, 19:00-23:00 (weekdays) (default)",0.0064338235294117,1.015,0.2419148517258142,0.19,P,North Scotland,11,p/kWh,dno_data_enhanced/shepd-arp-model-2020-21.xlsx
Scottish Hydro Electric Power Distribution (SHEPD),17,SSE-SHEPD,SHEPD,AMBER,"07:00-16:00, 19:00-23:00 (weekdays) (default)",0.0041617122473246,0.0075667495405902,0.0048979365269496,0.0041617122473246,P,North Scotland,37,p/kWh,dno_data_enhanced/shepd-arp-model-2020-21.xlsx
Scottish Hydro Electric Power Distribution (SHEPD),17,SSE-SHEPD,SHEPD,AMBER,"07:00-16:00, 19:00-23:00 (weekdays) (default)",0.0064338235294117,1.015,0.2419148517258142,0.19,P,North Scotland,11,p/kWh,dno_data_enhanced/shepd-cdcm-model-2020-21.xlsx
Scottish Hydro Electric Power Distribution (SHEPD),17,SSE-SHEPD,SHEPD,AMBER,"07:00-16:00, 19:00-23:00 (weekdays) (default)",0.0041617122473246,0.0075667495405902,0.0048979365269496,0.0041617122473246,P,North Scotland,37,p/kWh,dno_data_enhanced/shepd-cdcm-model-2020-21.xlsx
Scottish Hydro Electric Power Distribution (SHEPD),17,SSE-SHEPD,SHEPD,AMBER,"07:00-16:00, 19:00-23:00 (weekdays) (default)",1.0,1.0,1.0,1.0,P,North Scotland,6,p/kWh,dno_data_enhanced/shepd-pcdm-model-2020-21.xlsx
Scottish Hydro Electric Power Distribution (SHEPD),17,SSE-SHEPD,SHEPD,AMBER,"07:00-16:00, 19:00-23:00 (weekdays) (default)",0.3518253334897675,1.0,0.5590317236927305,0.4201154248905947,P,North Scotland,11,p/kWh,dno_data_enhanced/shepd-pcdm-model-2020-21.xlsx
Scottish Hydro Electric Power Distribution (SHEPD),17,SSE-SHEPD,SHEPD,AMBER,"07:00-16:00, 19:00-23:00 (weekdays) (default)",0.6976427338320053,1.0,0.9107122362648202,0.939981047640808,P,North Scotland,24,p/kWh,dno_data_enhanced/shepd-pcdm-model-2020-21.xlsx
Scottish Hydro Electric Power Distribution (SHEPD),17,SSE-SHEPD,SHEPD,AMBER,"07:00-16:00, 19:00-23:00 (weekdays) (default)",0.878,1.263,1.0083560477001705,1.011,P,North Scotland,587,p/kWh,dno_data_enhanced/shepd-schedule-of-charges-and-other-tables-april-2020_v1.2.xlsx
Scottish Hydro Electric Power Distribution (SHEPD),17,SSE-SHEPD,SHEPD,GREEN,"23:00-07:00 (all days), all day (weekends) (default)",0.166,0.488,0.333025,0.35,P,North Scotland,16,p/kWh,dno_data_enhanced/shepd-arp-model-2020-21.xlsx
Scottish Hydro Electric Power Distribution (SHEPD),17,SSE-SHEPD,SHEPD,GREEN,"23:00-07:00 (all days), all day (weekends) (default)",0.0041617122473246,1.095,0.3894420612865726,0.3093333333333333,P,North Scotland,55,p/kWh,dno_data_enhanced/shepd-arp-model-2020-21.xlsx
Scottish Hydro Electric Power Distribution (SHEPD),17,SSE-SHEPD,SHEPD,GREEN,"23:00-07:00 (all days), all day (weekends) (default)",0.1257463894758776,0.1257463894758776,0.1257463894758776,0.1257463894758776,P,North Scotland,1,p/kWh,dno_data_enhanced/shepd-arp-model-2020-21.xlsx
Scottish Hydro Electric Power Distribution (SHEPD),17,SSE-SHEPD,SHEPD,GREEN,"23:00-07:00 (all days), all day (weekends) (default)",0.0041617122473246,1.026,0.2569456923575829,0.19,P,North Scotland,10,p/kWh,dno_data_enhanced/shepd-arp-model-2020-21.xlsx
Scottish Hydro Electric Power Distribution (SHEPD),17,SSE-SHEPD,SHEPD,GREEN,"23:00-07:00 (all days), all day (weekends) (default)",1.09,1.09,1.09,1.09,P,North Scotland,2,p/kWh,dno_data_enhanced/shepd-arp-model-2020-21.xlsx
Scottish Hydro Electric Power Distribution (SHEPD),17,SSE-SHEPD,SHEPD,GREEN,"23:00-07:00 (all days), all day (weekends) (default)",0.388968842196157,0.42522380337704,0.4181742275918683,0.42522380337704,P,North Scotland,36,p/kWh,dno_data_enhanced/shepd-arp-model-2020-21.xlsx
Scottish Hydro Electric Power Distribution (SHEPD),17,SSE-SHEPD,SHEPD,GREEN,"23:00-07:00 (all days), all day (weekends) (default)",1.2217919863511786,1.2217919863511786,1.2217919863511786,1.2217919863511786,P,North Scotland,1,p/kWh,dno_data_enhanced/shepd-arp-model-2020-21.xlsx
Scottish Hydro Electric Power Distribution (SHEPD),17,SSE-SHEPD,SHEPD,GREEN,"23:00-07:00 (all days), all day (weekends) (default)",0.1257463894758776,0.1257463894758776,0.1257463894758776,0.1257463894758776,P,North Scotland,1,p/kWh,dno_data_enhanced/shepd-cdcm-model-2020-21.xlsx
Scottish Hydro Electric Power Distribution (SHEPD),17,SSE-SHEPD,SHEPD,GREEN,"23:00-07:00 (all days), all day (weekends) (default)",0.0041617122473246,1.026,0.2569456923575829,0.19,P,North Scotland,10,p/kWh,dno_data_enhanced/shepd-cdcm-model-2020-21.xlsx
Scottish Hydro Electric Power Distribution (SHEPD),17,SSE-SHEPD,SHEPD,GREEN,"23:00-07:00 (all days), all day (weekends) (default)",1.09,1.09,1.09,1.09,P,North Scotland,2,p/kWh,dno_data_enhanced/shepd-cdcm-model-2020-21.xlsx
Scottish Hydro Electric Power Distribution (SHEPD),17,SSE-SHEPD,SHEPD,GREEN,"23:00-07:00 (all days), all day (weekends) (default)",0.388968842196157,0.42522380337704,0.4181742275918683,0.42522380337704,P,North Scotland,36,p/kWh,dno_data_enhanced/shepd-cdcm-model-2020-21.xlsx
Scottish Hydro Electric Power Distribution (SHEPD),17,SSE-SHEPD,SHEPD,GREEN,"23:00-07:00 (all days), all day (weekends) (default)",1.2217919863511786,1.2217919863511786,1.2217919863511786,1.2217919863511786,P,North Scotland,1,p/kWh,dno_data_enhanced/shepd-cdcm-model-2020-21.xlsx
Scottish Hydro Electric Power Distribution (SHEPD),17,SSE-SHEPD,SHEPD,GREEN,"23:00-07:00 (all days), all day (weekends) (default)",1.0,4.32,2.9103333333333334,2.747,P,North Scotland,15,p/kWh,dno_data_enhanced/shepd-schedule-of-charges-and-other-tables-embedded-networks-april-2020_v1.1.xlsx
Scottish Hydro Electric Power Distribution (SHEPD),17,SSE-SHEPD,SHEPD,GREEN,"23:00-07:00 (all days), all day (weekends) (default)",1.0,2.64,1.8813333333333333,1.676,P,North Scotland,15,p/kWh,dno_data_enhanced/shepd-schedule-of-charges-and-other-tables-embedded-networks-april-2020_v1.1.xlsx
Scottish Hydro Electric Power Distribution (SHEPD),17,SSE-SHEPD,SHEPD,GREEN,"23:00-07:00 (all days), all day (weekends) (default)",3.0,3.0,3.0,3.0,P,North Scotland,1,p/kWh,dno_data_enhanced/shepd-schedule-of-charges-and-other-tables-embedded-networks-april-2020_v1.1.xlsx
Scottish Hydro Electric Power Distribution (SHEPD),17,SSE-SHEPD,SHEPD,GREEN,"23:00-07:00 (all days), all day (weekends) (default)",1.0,2.0,1.4610778443113772,1.0,P,North Scotland,167,p/kWh,dno_data_enhanced/shepd-schedule-of-charges-and-other-tables-embedded-networks-april-2020_v1.1.xlsx
Scottish Hydro Electric Power Distribution (SHEPD),17,SSE-SHEPD,SHEPD,GREEN,"23:00-07:00 (all days), all day (weekends) (default)",1.0,1.0,1.0,1.0,P,North Scotland,5,p/kWh,dno_data_enhanced/shepd-pcdm-model-2020-21.xlsx
Scottish Hydro Electric Power Distribution (SHEPD),17,SSE-SHEPD,SHEPD,GREEN,"23:00-07:00 (all days), all day (weekends) (default)",0.1240190289920665,1.0,0.4740743081555869,0.2840354967171939,P,North Scotland,12,p/kWh,dno_data_enhanced/shepd-pcdm-model-2020-21.xlsx
Scottish Hydro Electric Power Distribution (SHEPD),17,SSE-SHEPD,SHEPD,GREEN,"23:00-07:00 (all days), all day (weekends) (default)",0.410802622835849,1.0,0.8082019566290807,0.9006461101704555,P,North Scotland,23,p/kWh,dno_data_enhanced/shepd-pcdm-model-2020-21.xlsx
Scottish Hydro Electric Power Distribution (SHEPD),17,SSE-SHEPD,SHEPD,GREEN,"23:00-07:00 (all days), all day (weekends) (default)",1.0,6.72,4.175666666666666,3.663,P,North Scotland,15,p/kWh,dno_data_enhanced/shepd-schedule-of-charges-and-other-tables-april-2020_v1.2.xlsx
Scottish Hydro Electric Power Distribution (SHEPD),17,SSE-SHEPD,SHEPD,GREEN,"23:00-07:00 (all days), all day (weekends) (default)",1.0,4.74,3.0246666666666666,2.586,P,North Scotland,15,p/kWh,dno_data_enhanced/shepd-schedule-of-charges-and-other-tables-april-2020_v1.2.xlsx
Scottish Hydro Electric Power Distribution (SHEPD),17,SSE-SHEPD,SHEPD,GREEN,"23:00-07:00 (all days), all day (weekends) (default)",0.878,1.282,1.008833049403748,1.011,P,North Scotland,587,p/kWh,dno_data_enhanced/shepd-schedule-of-charges-and-other-tables-april-2020_v1.2.xlsx
Scottish Hydro Electric Power Distribution (SHEPD),17,SSE-SHEPD,SHEPD,GREEN,"23:00-07:00 (all days), all day (weekends) (default)",1.0,2.0,1.4610778443113772,1.0,P,North Scotland,167,p/kWh,dno_data_enhanced/shepd-schedule-of-charges-and-other-tables-april-2020_v1.2.xlsx
Scottish Hydro Electric Power Distribution (SHEPD),17,SSE-SHEPD,SHEPD,GREEN,"23:00-07:00 (all days), all day (weekends) (default)",2.58,2.58,2.58,2.58,P,North Scotland,3,p/kWh,dno_data_enhanced/shepd-schedule-of-charges-and-other-tables-april-2020_v1.2.xlsx
Scottish Hydro Electric Power Distribution (SHEPD),17,SSE-SHEPD,SHEPD,RED,16:00-19:00 (weekdays) (default),0.149,0.582,0.348475,0.3571,P,North Scotland,16,p/kWh,dno_data_enhanced/shepd-arp-model-2020-21.xlsx
Scottish Hydro Electric Power Distribution (SHEPD),17,SSE-SHEPD,SHEPD,RED,16:00-19:00 (weekdays) (default),0.0041617122473246,1.09,0.3988253888231074,0.33,P,North Scotland,55,p/kWh,dno_data_enhanced/shepd-arp-model-2020-21.xlsx
Scottish Hydro Electric Power Distribution (SHEPD),17,SSE-SHEPD,SHEPD,RED,16:00-19:00 (weekdays) (default),0.488763136069175,0.488763136069175,0.488763136069175,0.488763136069175,P,North Scotland,1,p/kWh,dno_data_enhanced/shepd-arp-model-2020-21.xlsx
Scottish Hydro Electric Power Distribution (SHEPD),17,SSE-SHEPD,SHEPD,RED,16:00-19:00 (weekdays) (default),0.075,1.0,0.3792857142857143,0.32,P,North Scotland,7,p/kWh,dno_data_enhanced/shepd-arp-model-2020-21.xlsx
Scottish Hydro Electric Power Distribution (SHEPD),17,SSE-SHEPD,SHEPD,RED,16:00-19:00 (weekdays) (default),1.035,1.09,1.0753333333333333,1.09,P,North Scotland,6,p/kWh,dno_data_enhanced/shepd-arp-model-2020-21.xlsx
Scottish Hydro Electric Power Distribution (SHEPD),17,SSE-SHEPD,SHEPD,RED,16:00-19:00 (weekdays) (default),0.0064338235294117,0.0116978609625668,0.007571993785229,0.0064338235294117,P,North Scotland,37,p/kWh,dno_data_enhanced/shepd-arp-model-2020-21.xlsx
Scottish Hydro Electric Power Distribution (SHEPD),17,SSE-SHEPD,SHEPD,RED,16:00-19:00 (weekdays) (default),0.1257463894758776,0.1257463894758776,0.1257463894758776,0.1257463894758776,P,North Scotland,1,p/kWh,dno_data_enhanced/shepd-arp-model-2020-21.xlsx
Scottish Hydro Electric Power Distribution (SHEPD),17,SSE-SHEPD,SHEPD,RED,16:00-19:00 (weekdays) (default),1.4818671612412857,1.4818671612412857,1.4818671612412857,1.4818671612412857,P,North Scotland,1,p/kWh,dno_data_enhanced/shepd-arp-model-2020-21.xlsx
Scottish Hydro Electric Power Distribution (SHEPD),17,SSE-SHEPD,SHEPD,RED,16:00-19:00 (weekdays) (default),0.488763136069175,0.488763136069175,0.488763136069175,0.488763136069175,P,North Scotland,1,p/kWh,dno_data_enhanced/shepd-cdcm-model-2020-21.xlsx
Scottish Hydro Electric Power Distribution (SHEPD),17,SSE-SHEPD,SHEPD,RED,16:00-19:00 (weekdays) (default),0.075,1.0,0.3792857142857143,0.32,P,North Scotland,7,p/kWh,dno_data_enhanced/shepd-cdcm-model-2020-21.xlsx
Scottish Hydro Electric Power Distribution (SHEPD),17,SSE-SHEPD,SHEPD,RED,16:00-19:00 (weekdays) (default),1.035,1.09,1.0753333333333333,1.09,P,North Scotland,6,p/kWh,dno_data_enhanced/shepd-cdcm-model-2020-21.xlsx
Scottish Hydro Electric Power Distribution (SHEPD),17,SSE-SHEPD,SHEPD,RED,16:00-19:00 (weekdays) (default),0.0064338235294117,0.0116978609625668,0.007571993785229,0.0064338235294117,P,North Scotland,37,p/kWh,dno_data_enhanced/shepd-cdcm-model-2020-21.xlsx
Scottish Hydro Electric Power Distribution (SHEPD),17,SSE-SHEPD,SHEPD,RED,16:00-19:00 (weekdays) (default),0.1257463894758776,0.1257463894758776,0.1257463894758776,0.1257463894758776,P,North Scotland,1,p/kWh,dno_data_enhanced/shepd-cdcm-model-2020-21.xlsx
Scottish Hydro Electric Power Distribution (SHEPD),17,SSE-SHEPD,SHEPD,RED,16:00-19:00 (weekdays) (default),1.4818671612412857,1.4818671612412857,1.4818671612412857,1.4818671612412857,P,North Scotland,1,p/kWh,dno_data_enhanced/shepd-cdcm-model-2020-21.xlsx
Scottish Hydro Electric Power Distribution (SHEPD),17,SSE-SHEPD,SHEPD,RED,16:00-19:00 (weekdays) (default),1.38,4.32,2.7723684210526316,3.235,P,North Scotland,19,p/kWh,dno_data_enhanced/shepd-schedule-of-charges-and-other-tables-embedded-networks-april-2020_v1.1.xlsx
Scottish Hydro Electric Power Distribution (SHEPD),17,SSE-SHEPD,SHEPD,RED,16:00-19:00 (weekdays) (default),0.842,2.64,1.8568421052631576,1.974,P,North Scotland,19,p/kWh,dno_data_enhanced/shepd-schedule-of-charges-and-other-tables-embedded-networks-april-2020_v1.1.xlsx
Scottish Hydro Electric Power Distribution (SHEPD),17,SSE-SHEPD,SHEPD,RED,16:00-19:00 (weekdays) (default),2.0,2.0,2.0,2.0,P,North Scotland,1,p/kWh,dno_data_enhanced/shepd-schedule-of-charges-and-other-tables-embedded-networks-april-2020_v1.1.xlsx
Scottish Hydro Electric Power Distribution (SHEPD),17,SSE-SHEPD,SHEPD,RED,16:00-19:00 (weekdays) (default),1.0,2.0,1.4745762711864407,1.0,P,North Scotland,59,p/kWh,dno_data_enhanced/shepd-schedule-of-charges-and-other-tables-embedded-networks-april-2020_v1.1.xlsx
Scottish Hydro Electric Power Distribution (SHEPD),17,SSE-SHEPD,SHEPD,RED,16:00-19:00 (weekdays) (default),1.0,1.0,1.0,1.0,P,North Scotland,7,p/kWh,dno_data_enhanced/shepd-pcdm-model-2020-21.xlsx
Scottish Hydro Electric Power Distribution (SHEPD),17,SSE-SHEPD,SHEPD,RED,16:00-19:00 (weekdays) (default),0.6721569523623829,0.6721569523623829,0.6721569523623829,0.6721569523623829,P,North Scotland,1,p/kWh,dno_data_enhanced/shepd-pcdm-model-2020-21.xlsx
Scottish Hydro Electric Power Distribution (SHEPD),17,SSE-SHEPD,SHEPD,RED,16:00-19:00 (weekdays) (default),0.6721569523623829,0.6721569523623829,0.6721569523623829,0.6721569523623829,P,North Scotland,1,p/kWh,dno_data_enhanced/shepd-pcdm-model-2020-21.xlsx
Scottish Hydro Electric Power Distribution (SHEPD),17,SSE-SHEPD,SHEPD,RED,16:00-19:00 (weekdays) (default),0.0108362566837464,1.0,0.3641252161773213,0.2868401109961563,P,North Scotland,29,p/kWh,dno_data_enhanced/shepd-pcdm-model-2020-21.xlsx
Scottish Hydro Electric Power Distribution (SHEPD),17,SSE-SHEPD,SHEPD,RED,16:00-19:00 (weekdays) (default),0.0108362566837464,1.0,0.3982567116929105,0.2868401109961563,P,North Scotland,12,p/kWh,dno_data_enhanced/shepd-pcdm-model-2020-21.xlsx
Scottish Hydro Electric Power Distribution (SHEPD),17,SSE-SHEPD,SHEPD,RED,16:00-19:00 (weekdays) (default),2.0,6.72,3.8642105263157895,4.008,P,North Scotland,19,p/kWh,dno_data_enhanced/shepd-schedule-of-charges-and-other-tables-april-2020_v1.2.xlsx
Scottish Hydro Electric Power Distribution (SHEPD),17,SSE-SHEPD,SHEPD,RED,16:00-19:00 (weekdays) (default),1.663,4.74,2.8507894736842103,2.83,P,North Scotland,19,p/kWh,dno_data_enhanced/shepd-schedule-of-charges-and-other-tables-april-2020_v1.2.xlsx
Scottish Hydro Electric Power Distribution (SHEPD),17,SSE-SHEPD,SHEPD,RED,16:00-19:00 (weekdays) (default),0.875,1.305,1.0074327086882453,1.01,P,North Scotland,587,p/kWh,dno_data_enhanced/shepd-schedule-of-charges-and-other-tables-april-2020_v1.2.xlsx
Scottish Hydro Electric Power Distribution (SHEPD),17,SSE-SHEPD,SHEPD,RED,16:00-19:00 (weekdays) (default),1.0,2.0,1.4745762711864407,1.0,P,North Scotland,59,p/kWh,dno_data_enhanced/shepd-schedule-of-charges-and-other-tables-april-2020_v1.2.xlsx
Southern Electric Power Distribution (SEPD),20,SSE-SEPD,SEPD,AMBER,"07:00-16:00, 19:00-23:00 (weekdays) (default)",0.978,1.173,1.0156571879936809,1.015,H,Southern,633,p/kWh,dno_data_enhanced/sepd-schedule-of-charges-and-other-tables-april-2020_v1.2.xlsx
Southern Electric Power Distribution (SEPD),20,SSE-SEPD,SEPD,AMBER,"07:00-16:00, 19:00-23:00 (weekdays) (default)",2.14128332532004,2.64148714872039,2.474752540920273,2.64148714872039,H,Southern,3,p/kWh,dno_data_enhanced/sepd-schedule-of-charges-and-other-tables-april-2020_v1.2.xlsx
Southern Electric Power Distribution (SEPD),20,SSE-SEPD,SEPD,AMBER,"07:00-16:00, 19:00-23:00 (weekdays) (default)",1.003,1.081,1.0392,1.039,H,Southern,10,p/kWh,dno_data_enhanced/sepd-schedule-of-charges-and-other-tables-embedded-networks-april-2020_v1.1.xlsx
Southern Electric Power Distribution (SEPD),20,SSE-SEPD,SEPD,AMBER,"07:00-16:00, 19:00-23:00 (weekdays) (default)",1.004,1.079,1.0415714285714286,1.045,H,Southern,7,p/kWh,dno_data_enhanced/sepd-schedule-of-charges-and-other-tables-embedded-networks-april-2020_v1.1.xlsx
Southern Electric Power Distribution (SEPD),20,SSE-SEPD,SEPD,AMBER,"07:00-16:00, 19:00-23:00 (weekdays) (default)",0.160315876774,0.205084207136,0.182700041955,0.205084207136,H,Southern,2,p/kWh,dno_data_enhanced/sepd-schedule-of-charges-and-other-tables-embedded-networks-april-2020_v1.1.xlsx
Southern Electric Power Distribution (SEPD),20,SSE-SEPD,SEPD,AMBER,"07:00-16:00, 19:00-23:00 (weekdays) (default)",0.34,20.61,2.487391304347826,1.04,H,Southern,23,p/kWh,dno_data_enhanced/sepd-schedule-of-charges-and-other-tables-embedded-networks-april-2020_v1.1.xlsx
Southern Electric Power Distribution (SEPD),20,SSE-SEPD,SEPD,GREEN,"23:00-07:00 (all days), all day (weekends) (default)",1.0,3.51,2.3153333333333332,1.934,H,Southern,15,p/kWh,dno_data_enhanced/sepd-schedule-of-charges-and-other-tables-april-2020_v1.2.xlsx
Southern Electric Power Distribution (SEPD),20,SSE-SEPD,SEPD,GREEN,"23:00-07:00 (all days), all day (weekends) (default)",1.0,2.29,1.6033333333333333,1.262,H,Southern,15,p/kWh,dno_data_enhanced/sepd-schedule-of-charges-and-other-tables-april-2020_v1.2.xlsx
Southern Electric Power Distribution (SEPD),20,SSE-SEPD,SEPD,GREEN,"23:00-07:00 (all days), all day (weekends) (default)",0.964,1.219,1.0151200631911532,1.012,H,Southern,633,p/kWh,dno_data_enhanced/sepd-schedule-of-charges-and-other-tables-april-2020_v1.2.xlsx
Southern Electric Power Distribution (SEPD),20,SSE-SEPD,SEPD,GREEN,"23:00-07:00 (all days), all day (weekends) (default)",1.0,2.0,1.4610778443113772,1.0,H,Southern,167,p/kWh,dno_data_enhanced/sepd-schedule-of-charges-and-other-tables-april-2020_v1.2.xlsx
Southern Electric Power Distribution (SEPD),20,SSE-SEPD,SEPD,GREEN,"23:00-07:00 (all days), all day (weekends) (default)",6.04,6.04,6.04,6.04,H,Southern,3,p/kWh,dno_data_enhanced/sepd-schedule-of-charges-and-other-tables-april-2020_v1.2.xlsx
Southern Electric Power Distribution (SEPD),20,SSE-SEPD,SEPD,GREEN,"23:00-07:00 (all days), all day (weekends) (default)",1.0,4.84,2.9339999999999997,2.194,H,Southern,15,p/kWh,dno_data_enhanced/sepd-schedule-of-charges-and-other-tables-embedded-networks-april-2020_v1.1.xlsx
Southern Electric Power Distribution (SEPD),20,SSE-SEPD,SEPD,GREEN,"23:00-07:00 (all days), all day (weekends) (default)",1.0,3.35,2.3016666666666667,2.085,H,Southern,15,p/kWh,dno_data_enhanced/sepd-schedule-of-charges-and-other-tables-embedded-networks-april-2020_v1.1.xlsx
Southern Electric Power Distribution (SEPD),20,SSE-SEPD,SEPD,GREEN,"23:00-07:00 (all days), all day (weekends) (default)",1.0,4.11,2.637666666666667,2.181,H,Southern,15,p/kWh,dno_data_enhanced/sepd-schedule-of-charges-and-other-tables-embedded-networks-april-2020_v1.1.xlsx
Southern Electric Power Distribution (SEPD),20,SSE-SEPD,SEPD,GREEN,"23:00-07:00 (all days), all day (weekends) (default)",1.0,3.537,2.6896666666666667,3.11,H,Southern,15,p/kWh,dno_data_enhanced/sepd-schedule-of-charges-and-other-tables-embedded-networks-april-2020_v1.1.xlsx
Southern Electric Power Distribution (SEPD),20,SSE-SEPD,SEPD,GREEN,"23:00-07:00 (all days), all day (weekends) (default)",1.0,4.7,2.822333333333334,2.027,H,Southern,15,p/kWh,dno_data_enhanced/sepd-schedule-of-charges-and-other-tables-embedded-networks-april-2020_v1.1.xlsx
Southern Electric Power Distribution (SEPD),20,SSE-SEPD,SEPD,GREEN,"23:00-07:00 (all days), all day (weekends) (default)",1.0,6.69,3.751,2.425,H,Southern,15,p/kWh,dno_data_enhanced/sepd-schedule-of-charges-and-other-tables-embedded-networks-april-2020_v1.1.xlsx
Southern Electric Power Distribution (SEPD),20,SSE-SEPD,SEPD,GREEN,"23:00-07:00 (all days), all day (weekends) (default)",1.0,3.92,2.5653333333333337,2.192,H,Southern,15,p/kWh,dno_data_enhanced/sepd-schedule-of-charges-and-other-tables-embedded-networks-april-2020_v1.1.xlsx
Southern Electric Power Distribution (SEPD),20,SSE-SEPD,SEPD,GREEN,"23:00-07:00 (all days), all day (weekends) (default)",1.0,4.84,3.060666666666666,2.574,H,Southern,15,p/kWh,dno_data_enhanced/sepd-schedule-of-charges-and-other-tables-embedded-networks-april-2020_v1.1.xlsx
Southern Electric Power Distribution (SEPD),20,SSE-SEPD,SEPD,GREEN,"23:00-07:00 (all days), all day (weekends) (default)",1.0,4.39,2.9829999999999997,2.881,H,Southern,15,p/kWh,dno_data_enhanced/sepd-schedule-of-charges-and-other-tables-embedded-networks-april-2020_v1.1.xlsx
Southern Electric Power Distribution (SEPD),20,SSE-SEPD,SEPD,GREEN,"23:00-07:00 (all days), all day (weekends) (default)",1.0,4.92,3.161666666666666,2.781,H,Southern,15,p/kWh,dno_data_enhanced/sepd-schedule-of-charges-and-other-tables-embedded-networks-april-2020_v1.1.xlsx
Southern Electric Power Distribution (SEPD),20,SSE-SEPD,SEPD,GREEN,"23:00-07:00 (all days), all day (weekends) (default)",1.0,6.81,3.619,1.885,H,Southern,15,p/kWh,dno_data_enhanced/sepd-schedule-of-charges-and-other-tables-embedded-networks-april-2020_v1.1.xlsx
Southern Electric Power Distribution (SEPD),20,SSE-SEPD,SEPD,GREEN,"23:00-07:00 (all days), all day (weekends) (default)",1.0,3.33,2.102,1.51,H,Southern,15,p/kWh,dno_data_enhanced/sepd-schedule-of-charges-and-other-tables-embedded-networks-april-2020_v1.1.xlsx
Southern Electric Power Distribution (SEPD),20,SSE-SEPD,SEPD,GREEN,"23:00-07:00 (all days), all day (weekends) (default)",1.0,2.33,1.682,1.45,H,Southern,15,p/kWh,dno_data_enhanced/sepd-schedule-of-charges-and-other-tables-embedded-networks-april-2020_v1.1.xlsx
Southern Electric Power Distribution (SEPD),20,SSE-SEPD,SEPD,GREEN,"23:00-07:00 (all days), all day (weekends) (default)",1.0,3.01,2.004,1.6,H,Southern,15,p/kWh,dno_data_enhanced/sepd-schedule-of-charges-and-other-tables-embedded-networks-april-2020_v1.1.xlsx
Southern Electric Power Distribution (SEPD),20,SSE-SEPD,SEPD,GREEN,"23:00-07:00 (all days), all day (weekends) (default)",1.93,2.195,2.0504545454545453,1.93,H,Southern,11,p/kWh,dno_data_enhanced/sepd-schedule-of-charges-and-other-tables-embedded-networks-april-2020_v1.1.xlsx
Southern Electric Power Distribution (SEPD),20,SSE-SEPD,SEPD,GREEN,"23:00-07:00 (all days), all day (weekends) (default)",1.0,3.12,1.9626666666666668,1.344,H,Southern,15,p/kWh,dno_data_enhanced/sepd-schedule-of-charges-and-other-tables-embedded-networks-april-2020_v1.1.xlsx
Southern Electric Power Distribution (SEPD),20,SSE-SEPD,SEPD,GREEN,"23:00-07:00 (all days), all day (weekends) (default)",1.0,3.98,2.3400000000000003,1.444,H,Southern,15,p/kWh,dno_data_enhanced/sepd-schedule-of-charges-and-other-tables-embedded-networks-april-2020_v1.1.xlsx
Southern Electric Power Distribution (SEPD),20,SSE-SEPD,SEPD,GREEN,"23:00-07:00 (all days), all day (weekends) (default)",1.0,2.52,1.7446666666666666,1.41,H,Southern,15,p/kWh,dno_data_enhanced/sepd-schedule-of-charges-and-other-tables-embedded-networks-april-2020_v1.1.xlsx
Southern Electric Power Distribution (SEPD),20,SSE-SEPD,SEPD,GREEN,"23:00-07:00 (all days), all day (weekends) (default)",1.0,3.32,2.1836666666666664,1.767,H,Southern,15,p/kWh,dno_data_enhanced/sepd-schedule-of-charges-and-other-tables-embedded-networks-april-2020_v1.1.xlsx
Southern Electric Power Distribution (SEPD),20,SSE-SEPD,SEPD,GREEN,"23:00-07:00 (all days), all day (weekends) (default)",1.0,2.95,2.0926666666666667,1.938,H,Southern,15,p/kWh,dno_data_enhanced/sepd-schedule-of-charges-and-other-tables-embedded-networks-april-2020_v1.1.xlsx
Southern Electric Power Distribution (SEPD),20,SSE-SEPD,SEPD,GREEN,"23:00-07:00 (all days), all day (weekends) (default)",1.0,3.05,2.061,1.723,H,Southern,15,p/kWh,dno_data_enhanced/sepd-schedule-of-charges-and-other-tables-embedded-networks-april-2020_v1.1.xlsx
Southern Electric Power Distribution (SEPD),20,SSE-SEPD,SEPD,GREEN,"23:00-07:00 (all days), all day (weekends) (default)",1.0,4.09,2.280333333333333,1.133,H,Southern,15,p/kWh,dno_data_enhanced/sepd-schedule-of-charges-and-other-tables-embedded-networks-april-2020_v1.1.xlsx
Southern Electric Power Distribution (SEPD),20,SSE-SEPD,SEPD,GREEN,"23:00-07:00 (all days), all day (weekends) (default)",1.003,1.099,1.0466,1.046,H,Southern,10,p/kWh,dno_data_enhanced/sepd-schedule-of-charges-and-other-tables-embedded-networks-april-2020_v1.1.xlsx
Southern Electric Power Distribution (SEPD),20,SSE-SEPD,SEPD,GREEN,"23:00-07:00 (all days), all day (weekends) (default)",1.003,1.067,1.035,1.037,H,Southern,7,p/kWh,dno_data_enhanced/sepd-schedule-of-charges-and-other-tables-embedded-networks-april-2020_v1.1.xlsx
Southern Electric Power Distribution (SEPD),20,SSE-SEPD,SEPD,GREEN,"23:00-07:00 (all days), all day (weekends) (default)",0.849015626339676,4.525828493900307,2.675306733899266,3.742791268625467,H,Southern,4,p/kWh,dno_data_enhanced/sepd-schedule-of-charges-and-other-tables-embedded-networks-april-2020_v1.1.xlsx
Southern Electric Power Distribution (SEPD),20,SSE-SEPD,SEPD,GREEN,"23:00-07:00 (all days), all day (weekends) (default)",0.774097162791,3.0,2.6206246030867333,3.0,H,Southern,15,p/kWh,dno_data_enhanced/sepd-schedule-of-charges-and-other-tables-embedded-networks-april-2020_v1.1.xlsx
Southern Electric Power Distribution (SEPD),20,SSE-SEPD,SEPD,GREEN,"23:00-07:00 (all days), all day (weekends) (default)",0.191869086202,2.32222322336,0.838609165953,0.431448786343,H,Southern,4,p/kWh,dno_data_enhanced/sepd-schedule-of-charges-and-other-tables-embedded-networks-april-2020_v1.1.xlsx
Southern Electric Power Distribution (SEPD),20,SSE-SEPD,SEPD,GREEN,"23:00-07:00 (all days), all day (weekends) (default)",0.34,10.62,3.965694444444445,3.17,H,Southern,72,p/kWh,dno_data_enhanced/sepd-schedule-of-charges-and-other-tables-embedded-networks-april-2020_v1.1.xlsx
Southern Electric Power Distribution (SEPD),20,SSE-SEPD,SEPD,GREEN,"23:00-07:00 (all days), all day (weekends) (default)",0.1845821763431875,1.334024549083249,0.7593033627132182,1.334024549083249,H,Southern,2,p/kWh,dno_data_enhanced/sepd-schedule-of-charges-and-other-tables-embedded-networks-april-2020_v1.1.xlsx
Southern Electric Power Distribution (SEPD),20,SSE-SEPD,SEPD,GREEN,"23:00-07:00 (all days), all day (weekends) (default)",0.00871012488207,4.72844168928,1.0750681026582976,0.462991547189,H,Southern,12,p/kWh,dno_data_enhanced/sepd-schedule-of-charges-and-other-tables-embedded-networks-april-2020_v1.1.xlsx
Southern Electric Power Distribution (SEPD),20,SSE-SEPD,SEPD,GREEN,"23:00-07:00 (all days), all day (weekends) (default)",1.0,2.0,1.4610778443113772,1.0,H,Southern,167,p/kWh,dno_data_enhanced/sepd-schedule-of-charges-and-other-tables-embedded-networks-april-2020_v1.1.xlsx
Southern Electric Power Distribution (SEPD),20,SSE-SEPD,SEPD,RED,16:00-19:00 (weekdays) (default),0.441,3.51,2.0889473684210524,2.387,H,Southern,19,p/kWh,dno_data_enhanced/sepd-schedule-of-charges-and-other-tables-april-2020_v1.2.xlsx
Southern Electric Power Distribution (SEPD),20,SSE-SEPD,SEPD,RED,16:00-19:00 (weekdays) (default),0.288,2.29,1.5092105263157896,1.557,H,Southern,19,p/kWh,dno_data_enhanced/sepd-schedule-of-charges-and-other-tables-april-2020_v1.2.xlsx
Southern Electric Power Distribution (SEPD),20,SSE-SEPD,SEPD,RED,16:00-19:00 (weekdays) (default),0.987,1.094,1.018105845181675,1.016,H,Southern,633,p/kWh,dno_data_enhanced/sepd-schedule-of-charges-and-other-tables-april-2020_v1.2.xlsx
Southern Electric Power Distribution (SEPD),20,SSE-SEPD,SEPD,RED,16:00-19:00 (weekdays) (default),2.19660099027337,16.3391748841838,11.624983586213656,16.3391748841838,H,Southern,3,p/kWh,dno_data_enhanced/sepd-schedule-of-charges-and-other-tables-april-2020_v1.2.xlsx
Southern Electric Power Distribution (SEPD),20,SSE-SEPD,SEPD,RED,16:00-19:00 (weekdays) (default),1.0,2.0,1.4745762711864407,1.0,H,Southern,59,p/kWh,dno_data_enhanced/sepd-schedule-of-charges-and-other-tables-april-2020_v1.2.xlsx
Southern Electric Power Distribution (SEPD),20,SSE-SEPD,SEPD,RED,16:00-19:00 (weekdays) (default),0.18,4.84,2.4865789473684208,2.829,H,Southern,19,p/kWh,dno_data_enhanced/sepd-schedule-of-charges-and-other-tables-embedded-networks-april-2020_v1.1.xlsx
Southern Electric Power Distribution (SEPD),20,SSE-SEPD,SEPD,RED,16:00-19:00 (weekdays) (default),0.834,3.35,2.1376315789473685,2.339,H,Southern,19,p/kWh,dno_data_enhanced/sepd-schedule-of-charges-and-other-tables-embedded-networks-april-2020_v1.1.xlsx
Southern Electric Power Distribution (SEPD),20,SSE-SEPD,SEPD,RED,16:00-19:00 (weekdays) (default),2.0,4.11,3.06,2.858,H,Southern,14,p/kWh,dno_data_enhanced/sepd-schedule-of-charges-and-other-tables-embedded-networks-april-2020_v1.1.xlsx
Southern Electric Power Distribution (SEPD),20,SSE-SEPD,SEPD,RED,16:00-19:00 (weekdays) (default),1.737,3.986,2.7455263157894736,3.11,H,Southern,19,p/kWh,dno_data_enhanced/sepd-schedule-of-charges-and-other-tables-embedded-networks-april-2020_v1.1.xlsx
Southern Electric Power Distribution (SEPD),20,SSE-SEPD,SEPD,RED,16:00-19:00 (weekdays) (default),1.005,4.7,2.5036842105263157,2.209,H,Southern,19,p/kWh,dno_data_enhanced/sepd-schedule-of-charges-and-other-tables-embedded-networks-april-2020_v1.1.xlsx
Southern Electric Power Distribution (SEPD),20,SSE-SEPD,SEPD,RED,16:00-19:00 (weekdays) (default),1.132,6.69,3.205,2.757,H,Southern,19,p/kWh,dno_data_enhanced/sepd-schedule-of-charges-and-other-tables-embedded-networks-april-2020_v1.1.xlsx
Southern Electric Power Distribution (SEPD),20,SSE-SEPD,SEPD,RED,16:00-19:00 (weekdays) (default),0.685,3.92,2.3210526315789473,2.615,H,Southern,19,p/kWh,dno_data_enhanced/sepd-schedule-of-charges-and-other-tables-embedded-networks-april-2020_v1.1.xlsx
Southern Electric Power Distribution (SEPD),20,SSE-SEPD,SEPD,RED,16:00-19:00 (weekdays) (default),0.581,4.84,2.706315789473684,3.263,H,Southern,19,p/kWh,dno_data_enhanced/sepd-schedule-of-charges-and-other-tables-embedded-networks-april-2020_v1.1.xlsx
Southern Electric Power Distribution (SEPD),20,SSE-SEPD,SEPD,RED,16:00-19:00 (weekdays) (default),1.499,4.39,2.7728947368421055,3.048,H,Southern,19,p/kWh,dno_data_enhanced/sepd-schedule-of-charges-and-other-tables-embedded-networks-april-2020_v1.1.xlsx
Southern Electric Power Distribution (SEPD),20,SSE-SEPD,SEPD,RED,16:00-19:00 (weekdays) (default),1.433,4.92,2.8928947368421056,3.04,H,Southern,19,p/kWh,dno_data_enhanced/sepd-schedule-of-charges-and-other-tables-embedded-networks-april-2020_v1.1.xlsx
Southern Electric Power Distribution (SEPD),20,SSE-SEPD,SEPD,RED,16:00-19:00 (weekdays) (default),1.052,6.81,3.0549999999999997,2.147,H,Southern,19,p/kWh,dno_data_enhanced/sepd-schedule-of-charges-and-other-tables-embedded-networks-april-2020_v1.1.xlsx
Southern Electric Power Distribution (SEPD),20,SSE-SEPD,SEPD,RED,16:00-19:00 (weekdays) (default),0.124,3.33,1.8423684210526317,1.947,H,Southern,19,p/kWh,dno_data_enhanced/sepd-schedule-of-charges-and-other-tables-embedded-networks-april-2020_v1.1.xlsx
Southern Electric Power Distribution (SEPD),20,SSE-SEPD,SEPD,RED,16:00-19:00 (weekdays) (default),0.58,2.33,1.615,1.627,H,Southern,19,p/kWh,dno_data_enhanced/sepd-schedule-of-charges-and-other-tables-embedded-networks-april-2020_v1.1.xlsx
Southern Electric Power Distribution (SEPD),20,SSE-SEPD,SEPD,RED,16:00-19:00 (weekdays) (default),2.0,3.01,2.395,2.096,H,Southern,14,p/kWh,dno_data_enhanced/sepd-schedule-of-charges-and-other-tables-embedded-networks-april-2020_v1.1.xlsx
Southern Electric Power Distribution (SEPD),20,SSE-SEPD,SEPD,RED,16:00-19:00 (weekdays) (default),1.078,2.474,1.8273333333333333,1.93,H,Southern,15,p/kWh,dno_data_enhanced/sepd-schedule-of-charges-and-other-tables-embedded-networks-april-2020_v1.1.xlsx
Southern Electric Power Distribution (SEPD),20,SSE-SEPD,SEPD,RED,16:00-19:00 (weekdays) (default),0.666,3.12,1.8026315789473684,1.464,H,Southern,19,p/kWh,dno_data_enhanced/sepd-schedule-of-charges-and-other-tables-embedded-networks-april-2020_v1.1.xlsx
Southern Electric Power Distribution (SEPD),20,SSE-SEPD,SEPD,RED,16:00-19:00 (weekdays) (default),0.674,3.98,2.0778947368421052,1.642,H,Southern,19,p/kWh,dno_data_enhanced/sepd-schedule-of-charges-and-other-tables-embedded-networks-april-2020_v1.1.xlsx
Southern Electric Power Distribution (SEPD),20,SSE-SEPD,SEPD,RED,16:00-19:00 (weekdays) (default),0.441,2.52,1.6431578947368422,1.683,H,Southern,19,p/kWh,dno_data_enhanced/sepd-schedule-of-charges-and-other-tables-embedded-networks-april-2020_v1.1.xlsx
Southern Electric Power Distribution (SEPD),20,SSE-SEPD,SEPD,RED,16:00-19:00 (weekdays) (default),0.399,3.32,1.9892105263157895,2.24,H,Southern,19,p/kWh,dno_data_enhanced/sepd-schedule-of-charges-and-other-tables-embedded-networks-april-2020_v1.1.xlsx
Southern Electric Power Distribution (SEPD),20,SSE-SEPD,SEPD,RED,16:00-19:00 (weekdays) (default),1.008,2.95,2.0023684210526316,2.051,H,Southern,19,p/kWh,dno_data_enhanced/sepd-schedule-of-charges-and-other-tables-embedded-networks-april-2020_v1.1.xlsx
Southern Electric Power Distribution (SEPD),20,SSE-SEPD,SEPD,RED,16:00-19:00 (weekdays) (default),0.888,3.05,1.952894736842105,1.883,H,Southern,19,p/kWh,dno_data_enhanced/sepd-schedule-of-charges-and-other-tables-embedded-networks-april-2020_v1.1.xlsx
Southern Electric Power Distribution (SEPD),20,SSE-SEPD,SEPD,RED,16:00-19:00 (weekdays) (default),0.632,4.09,2.0031578947368422,1.29,H,Southern,19,p/kWh,dno_data_enhanced/sepd-schedule-of-charges-and-other-tables-embedded-networks-april-2020_v1.1.xlsx
Southern Electric Power Distribution (SEPD),20,SSE-SEPD,SEPD,RED,16:00-19:00 (weekdays) (default),1.004,1.111,1.0518,1.051,H,Southern,10,p/kWh,dno_data_enhanced/sepd-schedule-of-charges-and-other-tables-embedded-networks-april-2020_v1.1.xlsx
Southern Electric Power Distribution (SEPD),20,SSE-SEPD,SEPD,RED,16:00-19:00 (weekdays) (default),1.004,1.075,1.0397142857142856,1.043,H,Southern,7,p/kWh,dno_data_enhanced/sepd-schedule-of-charges-and-other-tables-embedded-networks-april-2020_v1.1.xlsx
Southern Electric Power Distribution (SEPD),20,SSE-SEPD,SEPD,RED,16:00-19:00 (weekdays) (default),0.2226019915201533,7.6,1.8657674085082363,0.3365463788082508,H,Southern,10,p/kWh,dno_data_enhanced/sepd-schedule-of-charges-and-other-tables-embedded-networks-april-2020_v1.1.xlsx
Southern Electric Power Distribution (SEPD),20,SSE-SEPD,SEPD,RED,16:00-19:00 (weekdays) (default),0.523986612873,4.04583095085,2.2849087818615,4.04583095085,H,Southern,2,p/kWh,dno_data_enhanced/sepd-schedule-of-charges-and-other-tables-embedded-networks-april-2020_v1.1.xlsx
Southern Electric Power Distribution (SEPD),20,SSE-SEPD,SEPD,RED,16:00-19:00 (weekdays) (default),0.72,11.96,3.785,2.79,H,Southern,40,p/kWh,dno_data_enhanced/sepd-schedule-of-charges-and-other-tables-embedded-networks-april-2020_v1.1.xlsx
Southern Electric Power Distribution (SEPD),20,SSE-SEPD,SEPD,RED,16:00-19:00 (weekdays) (default),0.1351037504097883,4.269346868387519,2.2022253093986537,4.269346868387519,H,Southern,4,p/kWh,dno_data_enhanced/sepd-schedule-of-charges-and-other-tables-embedded-networks-april-2020_v1.1.xlsx
Southern Electric Power Distribution (SEPD),20,SSE-SEPD,SEPD,RED,16:00-19:00 (weekdays) (default),1.066233918740059,4.004593495315447,2.0493224219598907,1.0771398518241653,H,Southern,3,p/kWh,dno_data_enhanced/sepd-schedule-of-charges-and-other-tables-embedded-networks-april-2020_v1.1.xlsx
Southern Electric Power Distribution (SEPD),20,SSE-SEPD,SEPD,RED,16:00-19:00 (weekdays) (default),0.2036288464709518,13.92879223996246,5.236860228931443,1.3867182474637116,H,Southern,5,p/kWh,dno_data_enhanced/sepd-schedule-of-charges-and-other-tables-embedded-networks-april-2020_v1.1.xlsx
Southern Electric Power Distribution (SEPD),20,SSE-SEPD,SEPD,RED,16:00-19:00 (weekdays) (default),0.329951316643,3.22196677708,1.45494505888775,1.79539778392,H,Southern,4,p/kWh,dno_data_enhanced/sepd-schedule-of-charges-and-other-tables-embedded-networks-april-2020_v1.1.xlsx
Southern Electric Power Distribution (SEPD),20,SSE-SEPD,SEPD,RED,16:00-19:00 (weekdays) (default),1.0,2.0,1.4745762711864407,1.0,H,Southern,59,p/kWh,dno_data_enhanced/sepd-schedule-of-charges-and-other-tables-embedded-networks-april-2020_v1.1.xlsx
Unknown,,,,AMBER,"07:00-16:00, 19:00-23:00 (weekdays) (default)",0.0003252766742631,0.8598050348554828,0.3970830308511849,0.2736158036399433,,,16,p/kWh,dno_data_enhanced/arp-model-2020-21.xlsx
Unknown,,,,AMBER,"07:00-16:00, 19:00-23:00 (weekdays) (default)",0.012370413198693,1.087,0.3905360138835375,0.2314265488720173,,,65,p/kWh,dno_data_enhanced/arp-model-2020-21.xlsx
Unknown,,,,AMBER,"07:00-16:00, 19:00-23:00 (weekdays) (default)",0.012370413198693,1.016,0.2628561934760397,0.0653357134386065,,,11,p/kWh,dno_data_enhanced/arp-model-2020-21.xlsx
Unknown,,,,AMBER,"07:00-16:00, 19:00-23:00 (weekdays) (default)",0.0244009259838578,0.0663810136980219,0.0334777017058392,0.0244009259838578,,,37,p/kWh,dno_data_enhanced/arp-model-2020-21.xlsx
Unknown,,,,AMBER,"07:00-16:00, 19:00-23:00 (weekdays) (default)",1.0,2.0,1.95,2.0,,,40,p/kWh,dno_data_enhanced/Charging-Statement-Supporting-Tables-S-West-v5-2020.xlsx
Unknown,,,,AMBER,"07:00-16:00, 19:00-23:00 (weekdays) (default)",1.0,2.0,1.5555555555555556,2.0,,,9,p/kWh,dno_data_enhanced/Charging-Statement-Supporting-Tables-S-West-v5-2020.xlsx
Unknown,,,,AMBER,"07:00-16:00, 19:00-23:00 (weekdays) (default)",0.012370413198693,1.016,0.2628561934760397,0.0653357134386065,,,11,p/kWh,dno_data_enhanced/cdcm-model-2020-21.xlsx
Unknown,,,,AMBER,"07:00-16:00, 19:00-23:00 (weekdays) (default)",0.0244009259838578,0.0663810136980219,0.0334777017058392,0.0244009259838578,,,37,p/kWh,dno_data_enhanced/cdcm-model-2020-21.xlsx
Unknown,,,,AMBER,"07:00-16:00, 19:00-23:00 (weekdays) (default)",1.0,1.0,1.0,1.0,,,6,p/kWh,dno_data_enhanced/pcdm-model-2020-21.xlsx
Unknown,,,,AMBER,"07:00-16:00, 19:00-23:00 (weekdays) (default)",0.220367703538239,1.0,0.4513704906175796,0.2699366542009346,,,11,p/kWh,dno_data_enhanced/pcdm-model-2020-21.xlsx
Unknown,,,,AMBER,"07:00-16:00, 19:00-23:00 (weekdays) (default)",0.6669795982883451,1.0,0.8768363336015458,0.9614953320173256,,,24,p/kWh,dno_data_enhanced/pcdm-model-2020-21.xlsx
Unknown,,,,GREEN,"23:00-07:00 (all days), all day (weekends) (default)",0.0003252766742631,0.8598050348554828,0.3970830308511849,0.2736158036399433,,,16,p/kWh,dno_data_enhanced/arp-model-2020-21.xlsx
Unknown,,,,GREEN,"23:00-07:00 (all days), all day (weekends) (default)",0.012370413198693,1.079,0.3958946713491406,0.2766040985502548,,,65,p/kWh,dno_data_enhanced/arp-model-2020-21.xlsx
Unknown,,,,GREEN,"23:00-07:00 (all days), all day (weekends) (default)",0.1303605823800672,0.1303605823800672,0.1303605823800672,0.1303605823800672,,,1,p/kWh,dno_data_enhanced/arp-model-2020-21.xlsx
Unknown,,,,GREEN,"23:00-07:00 (all days), all day (weekends) (default)",0.0145613513925249,1.021,0.2918843978164618,0.2297104887386627,,,10,p/kWh,dno_data_enhanced/arp-model-2020-21.xlsx
Unknown,,,,GREEN,"23:00-07:00 (all days), all day (weekends) (default)",1.089,1.089,1.089,1.089,,,2,p/kWh,dno_data_enhanced/arp-model-2020-21.xlsx
Unknown,,,,GREEN,"23:00-07:00 (all days), all day (weekends) (default)",0.343799317773253,0.383232676781521,0.351466915358194,0.343799317773253,,,36,p/kWh,dno_data_enhanced/arp-model-2020-21.xlsx
Unknown,,,,GREEN,"23:00-07:00 (all days), all day (weekends) (default)",1.422008026558353,1.422008026558353,1.422008026558353,1.422008026558353,,,1,p/kWh,dno_data_enhanced/arp-model-2020-21.xlsx
Unknown,,,,GREEN,"23:00-07:00 (all days), all day (weekends) (default)",10.0,30.0,29.0,30.0,,,40,p/kWh,dno_data_enhanced/Charging-Statement-Supporting-Tables-S-West-v5-2020.xlsx
Unknown,,,,GREEN,"23:00-07:00 (all days), all day (weekends) (default)",10.0,30.0,21.11111111111111,30.0,,,9,p/kWh,dno_data_enhanced/Charging-Statement-Supporting-Tables-S-West-v5-2020.xlsx
Unknown,,,,GREEN,"23:00-07:00 (all days), all day (weekends) (default)",2.0,4.0,2.740740740740741,2.0,,,27,p/kWh,dno_data_enhanced/Charging-Statement-Supporting-Tables-S-West-v5-2020.xlsx
Unknown,,,,GREEN,"23:00-07:00 (all days), all day (weekends) (default)",2.0,4.0,2.9285714285714284,2.0,,,56,p/kWh,dno_data_enhanced/Charging-Statement-Supporting-Tables-S-West-v5-2020.xlsx
Unknown,,,,GREEN,"23:00-07:00 (all days), all day (weekends) (default)",0.1303605823800672,0.1303605823800672,0.1303605823800672,0.1303605823800672,,,1,p/kWh,dno_data_enhanced/cdcm-model-2020-21.xlsx
Unknown,,,,GREEN,"23:00-07:00 (all days), all day (weekends) (default)",0.0145613513925249,1.021,0.2918843978164618,0.2297104887386627,,,10,p/kWh,dno_data_enhanced/cdcm-model-2020-21.xlsx
Unknown,,,,GREEN,"23:00-07:00 (all days), all day (weekends) (default)",1.089,1.089,1.089,1.089,,,2,p/kWh,dno_data_enhanced/cdcm-model-2020-21.xlsx
Unknown,,,,GREEN,"23:00-07:00 (all days), all day (weekends) (default)",0.343799317773253,0.383232676781521,0.351466915358194,0.343799317773253,,,36,p/kWh,dno_data_enhanced/cdcm-model-2020-21.xlsx
Unknown,,,,GREEN,"23:00-07:00 (all days), all day (weekends) (default)",1.422008026558353,1.422008026558353,1.422008026558353,1.422008026558353,,,1,p/kWh,dno_data_enhanced/cdcm-model-2020-21.xlsx
Unknown,,,,GREEN,"23:00-07:00 (all days), all day (weekends) (default)",1.0,1.0,1.0,1.0,,,5,p/kWh,dno_data_enhanced/pcdm-model-2020-21.xlsx
Unknown,,,,GREEN,"23:00-07:00 (all days), all day (weekends) (default)",0.1631417305532813,1.0,0.5314631394977257,0.412519973730922,,,12,p/kWh,dno_data_enhanced/pcdm-model-2020-21.xlsx
Unknown,,,,GREEN,"23:00-07:00 (all days), all day (weekends) (default)",0.3059961490477728,1.0,0.7300898199066495,0.6985184543637448,,,23,p/kWh,dno_data_enhanced/pcdm-model-2020-21.xlsx
Unknown,,,,RED,16:00-19:00 (weekdays) (default),0.1031107426604144,0.8968892573395856,0.5088867915695631,0.6362278989432473,,,12,p/kWh,dno_data_enhanced/arp-model-2020-21.xlsx
Unknown,,,,RED,16:00-19:00 (weekdays) (default),0.0025650962408412,1.089,0.3888448017741733,0.3393962715835692,,,65,p/kWh,dno_data_enhanced/arp-model-2020-21.xlsx
Unknown,,,,RED,16:00-19:00 (weekdays) (default),0.5809417086976026,0.5809417086976026,0.5809417086976026,0.5809417086976026,,,1,p/kWh,dno_data_enhanced/arp-model-2020-21.xlsx
Unknown,,,,RED,16:00-19:00 (weekdays) (default),0.0274510568002066,1.0,0.4639703200412597,0.5266603747086892,,,6,p/kWh,dno_data_enhanced/arp-model-2020-21.xlsx
Unknown,,,,RED,16:00-19:00 (weekdays) (default),1.031,1.089,1.0721666666666667,1.089,,,6,p/kWh,dno_data_enhanced/arp-model-2020-21.xlsx
Unknown,,,,RED,16:00-19:00 (weekdays) (default),0.012370413198693,0.0345307447997926,0.0171618362475793,0.012370413198693,,,37,p/kWh,dno_data_enhanced/arp-model-2020-21.xlsx
Unknown,,,,RED,16:00-19:00 (weekdays) (default),0.1303605823800672,1.4019694293302525,0.7661650058551597,1.4019694293302525,,,2,p/kWh,dno_data_enhanced/arp-model-2020-21.xlsx
Unknown,,,,RED,16:00-19:00 (weekdays) (default),0.3366702521442199,0.3366702521442199,0.3366702521442199,0.3366702521442199,,,1,p/kWh,dno_data_enhanced/arp-model-2020-21.xlsx
Unknown,,,,RED,16:00-19:00 (weekdays) (default),10.0,40.0,29.310344827586206,30.0,,,29,p/kWh,dno_data_enhanced/Charging-Statement-Supporting-Tables-S-West-v5-2020.xlsx
Unknown,,,,RED,16:00-19:00 (weekdays) (default),10.0,30.0,22.22222222222222,30.0,,,9,p/kWh,dno_data_enhanced/Charging-Statement-Supporting-Tables-S-West-v5-2020.xlsx
Unknown,,,,RED,16:00-19:00 (weekdays) (default),1.0,1.0,1.0,1.0,,,5,p/kWh,dno_data_enhanced/Charging-Statement-Supporting-Tables-S-West-v5-2020.xlsx
Unknown,,,,RED,16:00-19:00 (weekdays) (default),2.0,4.0,2.740740740740741,2.0,,,27,p/kWh,dno_data_enhanced/Charging-Statement-Supporting-Tables-S-West-v5-2020.xlsx
Unknown,,,,RED,16:00-19:00 (weekdays) (default),2.0,4.0,2.9285714285714284,2.0,,,56,p/kWh,dno_data_enhanced/Charging-Statement-Supporting-Tables-S-West-v5-2020.xlsx
Unknown,,,,RED,16:00-19:00 (weekdays) (default),0.5809417086976026,0.5809417086976026,0.5809417086976026,0.5809417086976026,,,1,p/kWh,dno_data_enhanced/cdcm-model-2020-21.xlsx
Unknown,,,,RED,16:00-19:00 (weekdays) (default),0.0274510568002066,1.0,0.4639703200412597,0.5266603747086892,,,6,p/kWh,dno_data_enhanced/cdcm-model-2020-21.xlsx
Unknown,,,,RED,16:00-19:00 (weekdays) (default),1.031,1.089,1.0721666666666667,1.089,,,6,p/kWh,dno_data_enhanced/cdcm-model-2020-21.xlsx
Unknown,,,,RED,16:00-19:00 (weekdays) (default),0.012370413198693,0.0345307447997926,0.0171618362475793,0.012370413198693,,,37,p/kWh,dno_data_enhanced/cdcm-model-2020-21.xlsx
Unknown,,,,RED,16:00-19:00 (weekdays) (default),0.1303605823800672,1.4019694293302525,0.7661650058551597,1.4019694293302525,,,2,p/kWh,dno_data_enhanced/cdcm-model-2020-21.xlsx
Unknown,,,,RED,16:00-19:00 (weekdays) (default),0.3366702521442199,0.3366702521442199,0.3366702521442199,0.3366702521442199,,,1,p/kWh,dno_data_enhanced/cdcm-model-2020-21.xlsx
Unknown,,,,RED,16:00-19:00 (weekdays) (default),1.0,1.0,1.0,1.0,,,7,p/kWh,dno_data_enhanced/pcdm-model-2020-21.xlsx
Unknown,,,,RED,16:00-19:00 (weekdays) (default),0.8590457621819516,0.8590457621819516,0.8590457621819516,0.8590457621819516,,,1,p/kWh,dno_data_enhanced/pcdm-model-2020-21.xlsx
Unknown,,,,RED,16:00-19:00 (weekdays) (default),0.8590457621819516,0.8590457621819516,0.8590457621819516,0.8590457621819516,,,1,p/kWh,dno_data_enhanced/pcdm-model-2020-21.xlsx
Unknown,,,,RED,16:00-19:00 (weekdays) (default),0.0333060210236283,1.0,0.3293211157633569,0.2297369975979471,,,32,p/kWh,dno_data_enhanced/pcdm-model-2020-21.xlsx
Unknown,,,,RED,16:00-19:00 (weekdays) (default),0.0131924474180949,1.0,0.347547057599561,0.1208410084037978,,,14,p/kWh,dno_data_enhanced/pcdm-model-2020-21.xlsx
